{"NoBarley": {"precision": 0.8181818181818182, "recall": 0.6428571428571429, "f1-score": 0.72, "support": 14.0}, "Barley": {"precision": 0.7058823529411765, "recall": 0.8571428571428571, "f1-score": 0.7741935483870968, "support": 14.0}, "accuracy": 0.75, "macro avg": {"precision": 0.7620320855614974, "recall": 0.75, "f1-score": 0.7470967741935484, "support": 28.0}, "weighted avg": {"precision": 0.7620320855614973, "recall": 0.75, "f1-score": 0.7470967741935484, "support": 28.0}, "auroc": 0.64, "auprc": 0.58}