{"NoOats": {"precision": 0.0, "recall": 0.0, "f1-score": 0.0, "support": 14.0}, "Oats": {"precision": 0.5, "recall": 0.9333333333333333, "f1-score": 0.6511627906976745, "support": 15.0}, "accuracy": 0.4827586206896552, "macro avg": {"precision": 0.25, "recall": 0.4666666666666667, "f1-score": 0.32558139534883723, "support": 29.0}, "weighted avg": {"precision": 0.25862068965517243, "recall": 0.4827586206896552, "f1-score": 0.33680834001603854, "support": 29.0}, "auroc": 0.0, "auprc": 0.34}