{"NoWalnut": {"precision": 0.07692307692307693, "recall": 0.05555555555555555, "f1-score": 0.06451612903225806, "support": 18.0}, "Walnut": {"precision": 0.2608695652173913, "recall": 0.3333333333333333, "f1-score": 0.2926829268292683, "support": 18.0}, "accuracy": 0.19444444444444445, "macro avg": {"precision": 0.1688963210702341, "recall": 0.19444444444444442, "f1-score": 0.17859952793076317, "support": 36.0}, "weighted avg": {"precision": 0.1688963210702341, "recall": 0.19444444444444445, "f1-score": 0.17859952793076317, "support": 36.0}, "auroc": 0.08, "auprc": 0.33}