{"NoBroccoli": {"precision": 0.07142857142857142, "recall": 0.06666666666666667, "f1-score": 0.06896551724137931, "support": 15.0}, "Broccoli": {"precision": 0.125, "recall": 0.13333333333333333, "f1-score": 0.12903225806451613, "support": 15.0}, "accuracy": 0.1, "macro avg": {"precision": 0.09821428571428571, "recall": 0.1, "f1-score": 0.09899888765294772, "support": 30.0}, "weighted avg": {"precision": 0.09821428571428571, "recall": 0.1, "f1-score": 0.09899888765294772, "support": 30.0}, "auroc": 0.05, "auprc": 0.34}