{"NoAvocado": {"precision": 0.3333333333333333, "recall": 0.17647058823529413, "f1-score": 0.23076923076923078, "support": 17.0}, "Avocado": {"precision": 0.6, "recall": 0.7777777777777778, "f1-score": 0.6774193548387096, "support": 27.0}, "accuracy": 0.5454545454545454, "macro avg": {"precision": 0.4666666666666667, "recall": 0.477124183006536, "f1-score": 0.4540942928039702, "support": 44.0}, "weighted avg": {"precision": 0.496969696969697, "recall": 0.5454545454545454, "f1-score": 0.5048499887209564, "support": 44.0}, "auroc": 0.59, "auprc": 0.75}