{"NoOats": {"precision": 0.38461538461538464, "recall": 0.35714285714285715, "f1-score": 0.37037037037037035, "support": 14.0}, "Oats": {"precision": 0.4375, "recall": 0.4666666666666667, "f1-score": 0.45161290322580644, "support": 15.0}, "accuracy": 0.41379310344827586, "macro avg": {"precision": 0.4110576923076923, "recall": 0.4119047619047619, "f1-score": 0.41099163679808837, "support": 29.0}, "weighted avg": {"precision": 0.4119694960212202, "recall": 0.41379310344827586, "f1-score": 0.4123923701231822, "support": 29.0}, "auroc": 0.44, "auprc": 0.52}