{"NoOats": {"precision": 0.25, "recall": 0.21428571428571427, "f1-score": 0.23076923076923078, "support": 14.0}, "Oats": {"precision": 0.35294117647058826, "recall": 0.4, "f1-score": 0.375, "support": 15.0}, "accuracy": 0.3103448275862069, "macro avg": {"precision": 0.30147058823529416, "recall": 0.30714285714285716, "f1-score": 0.3028846153846154, "support": 29.0}, "weighted avg": {"precision": 0.3032454361054767, "recall": 0.3103448275862069, "f1-score": 0.3053713527851459, "support": 29.0}, "auroc": 0.29, "auprc": 0.44}