{"NoAvocado": {"precision": 0.3, "recall": 0.17647058823529413, "f1-score": 0.2222222222222222, "support": 17.0}, "Avocado": {"precision": 0.5882352941176471, "recall": 0.7407407407407407, "f1-score": 0.6557377049180327, "support": 27.0}, "accuracy": 0.5227272727272727, "macro avg": {"precision": 0.4441176470588235, "recall": 0.45860566448801743, "f1-score": 0.4389799635701275, "support": 44.0}, "weighted avg": {"precision": 0.47687165775401075, "recall": 0.5227272727272727, "f1-score": 0.4882430866037424, "support": 44.0}, "auroc": 0.56, "auprc": 0.72}