{"NoBroccoli": {"precision": 0.4375, "recall": 0.4666666666666667, "f1-score": 0.45161290322580644, "support": 15.0}, "Broccoli": {"precision": 0.42857142857142855, "recall": 0.4, "f1-score": 0.41379310344827586, "support": 15.0}, "accuracy": 0.43333333333333335, "macro avg": {"precision": 0.4330357142857143, "recall": 0.43333333333333335, "f1-score": 0.43270300333704115, "support": 30.0}, "weighted avg": {"precision": 0.43303571428571425, "recall": 0.43333333333333335, "f1-score": 0.43270300333704115, "support": 30.0}, "auroc": 0.42, "auprc": 0.49}