{"NoBarley": {"precision": 0.6153846153846154, "recall": 0.5714285714285714, "f1-score": 0.5925925925925926, "support": 14.0}, "Barley": {"precision": 0.6, "recall": 0.6428571428571429, "f1-score": 0.6206896551724138, "support": 14.0}, "accuracy": 0.6071428571428571, "macro avg": {"precision": 0.6076923076923078, "recall": 0.6071428571428572, "f1-score": 0.6066411238825031, "support": 28.0}, "weighted avg": {"precision": 0.6076923076923079, "recall": 0.6071428571428571, "f1-score": 0.6066411238825032, "support": 28.0}, "auroc": 0.59, "auprc": 0.55}