{"NoWalnut": {"precision": 0.9411764705882353, "recall": 0.8888888888888888, "f1-score": 0.9142857142857143, "support": 18.0}, "Walnut": {"precision": 0.8947368421052632, "recall": 0.9444444444444444, "f1-score": 0.918918918918919, "support": 18.0}, "accuracy": 0.9166666666666666, "macro avg": {"precision": 0.9179566563467492, "recall": 0.9166666666666666, "f1-score": 0.9166023166023166, "support": 36.0}, "weighted avg": {"precision": 0.9179566563467492, "recall": 0.9166666666666666, "f1-score": 0.9166023166023165, "support": 36.0}, "auroc": 0.93, "auprc": 0.94}