{"NoAvocado": {"precision": 0.36363636363636365, "recall": 0.23529411764705882, "f1-score": 0.2857142857142857, "support": 17.0}, "Avocado": {"precision": 0.6060606060606061, "recall": 0.7407407407407407, "f1-score": 0.6666666666666666, "support": 27.0}, "accuracy": 0.5454545454545454, "macro avg": {"precision": 0.48484848484848486, "recall": 0.4880174291938998, "f1-score": 0.47619047619047616, "support": 44.0}, "weighted avg": {"precision": 0.5123966942148761, "recall": 0.5454545454545454, "f1-score": 0.5194805194805195, "support": 44.0}, "auroc": 0.54, "auprc": 0.68}