{"NoWalnut": {"precision": 0.8, "recall": 0.6666666666666666, "f1-score": 0.7272727272727273, "support": 18.0}, "Walnut": {"precision": 0.7142857142857143, "recall": 0.8333333333333334, "f1-score": 0.7692307692307693, "support": 18.0}, "accuracy": 0.75, "macro avg": {"precision": 0.7571428571428571, "recall": 0.75, "f1-score": 0.7482517482517483, "support": 36.0}, "weighted avg": {"precision": 0.7571428571428572, "recall": 0.75, "f1-score": 0.7482517482517483, "support": 36.0}, "auroc": 0.85, "auprc": 0.87}