{"NoBarley": {"precision": 0.13333333333333333, "recall": 0.14285714285714285, "f1-score": 0.13793103448275862, "support": 14.0}, "Barley": {"precision": 0.07692307692307693, "recall": 0.07142857142857142, "f1-score": 0.07407407407407407, "support": 14.0}, "accuracy": 0.10714285714285714, "macro avg": {"precision": 0.10512820512820513, "recall": 0.10714285714285714, "f1-score": 0.10600255427841634, "support": 28.0}, "weighted avg": {"precision": 0.10512820512820513, "recall": 0.10714285714285714, "f1-score": 0.10600255427841633, "support": 28.0}, "auroc": 0.03, "auprc": 0.33}