{"NoAvocado": {"precision": 0.5, "recall": 0.29411764705882354, "f1-score": 0.37037037037037035, "support": 17.0}, "Avocado": {"precision": 0.6470588235294118, "recall": 0.8148148148148148, "f1-score": 0.7213114754098361, "support": 27.0}, "accuracy": 0.6136363636363636, "macro avg": {"precision": 0.5735294117647058, "recall": 0.5544662309368191, "f1-score": 0.5458409228901032, "support": 44.0}, "weighted avg": {"precision": 0.59024064171123, "recall": 0.6136363636363636, "f1-score": 0.5857205939173152, "support": 44.0}, "auroc": 0.58, "auprc": 0.74}