{"NoWalnut": {"precision": 0.65, "recall": 0.7222222222222222, "f1-score": 0.6842105263157895, "support": 18.0}, "Walnut": {"precision": 0.6875, "recall": 0.6111111111111112, "f1-score": 0.6470588235294118, "support": 18.0}, "accuracy": 0.6666666666666666, "macro avg": {"precision": 0.66875, "recall": 0.6666666666666667, "f1-score": 0.6656346749226006, "support": 36.0}, "weighted avg": {"precision": 0.6687500000000001, "recall": 0.6666666666666666, "f1-score": 0.6656346749226008, "support": 36.0}, "auroc": 0.75, "auprc": 0.71}