{"NoBroccoli": {"precision": 0.6875, "recall": 0.7333333333333333, "f1-score": 0.7096774193548387, "support": 15.0}, "Broccoli": {"precision": 0.7142857142857143, "recall": 0.6666666666666666, "f1-score": 0.6896551724137931, "support": 15.0}, "accuracy": 0.7, "macro avg": {"precision": 0.7008928571428572, "recall": 0.7, "f1-score": 0.699666295884316, "support": 30.0}, "weighted avg": {"precision": 0.7008928571428572, "recall": 0.7, "f1-score": 0.6996662958843161, "support": 30.0}, "auroc": 0.77, "auprc": 0.73}