{"NoAlmond": {"precision": 0.6875, "recall": 0.7857142857142857, "f1-score": 0.7333333333333333, "support": 14.0}, "Almond": {"precision": 0.75, "recall": 0.6428571428571429, "f1-score": 0.6923076923076923, "support": 14.0}, "accuracy": 0.7142857142857143, "macro avg": {"precision": 0.71875, "recall": 0.7142857142857143, "f1-score": 0.7128205128205127, "support": 28.0}, "weighted avg": {"precision": 0.71875, "recall": 0.7142857142857143, "f1-score": 0.7128205128205128, "support": 28.0}, "auroc": 0.74, "auprc": 0.78}