{"NoBroccoli": {"precision": 0.06666666666666667, "recall": 0.06666666666666667, "f1-score": 0.06666666666666667, "support": 15.0}, "Broccoli": {"precision": 0.06666666666666667, "recall": 0.06666666666666667, "f1-score": 0.06666666666666667, "support": 15.0}, "accuracy": 0.06666666666666667, "macro avg": {"precision": 0.06666666666666667, "recall": 0.06666666666666667, "f1-score": 0.06666666666666667, "support": 30.0}, "weighted avg": {"precision": 0.06666666666666667, "recall": 0.06666666666666667, "f1-score": 0.06666666666666667, "support": 30.0}, "auroc": 0.02, "auprc": 0.33}