{"NoOats": {"precision": 0.46153846153846156, "recall": 0.42857142857142855, "f1-score": 0.4444444444444444, "support": 14.0}, "Oats": {"precision": 0.5, "recall": 0.5333333333333333, "f1-score": 0.5161290322580645, "support": 15.0}, "accuracy": 0.4827586206896552, "macro avg": {"precision": 0.4807692307692308, "recall": 0.4809523809523809, "f1-score": 0.48028673835125446, "support": 29.0}, "weighted avg": {"precision": 0.48143236074270557, "recall": 0.4827586206896552, "f1-score": 0.4815226795204548, "support": 29.0}, "auroc": 0.45, "auprc": 0.54}