{"NoBarley": {"precision": 0.5833333333333334, "recall": 0.5, "f1-score": 0.5384615384615384, "support": 14.0}, "Barley": {"precision": 0.5625, "recall": 0.6428571428571429, "f1-score": 0.6, "support": 14.0}, "accuracy": 0.5714285714285714, "macro avg": {"precision": 0.5729166666666667, "recall": 0.5714285714285714, "f1-score": 0.5692307692307692, "support": 28.0}, "weighted avg": {"precision": 0.5729166666666667, "recall": 0.5714285714285714, "f1-score": 0.5692307692307692, "support": 28.0}, "auroc": 0.57, "auprc": 0.61}