{"NoWalnut": {"precision": 0.10526315789473684, "recall": 0.1111111111111111, "f1-score": 0.10810810810810811, "support": 18.0}, "Walnut": {"precision": 0.058823529411764705, "recall": 0.05555555555555555, "f1-score": 0.05714285714285714, "support": 18.0}, "accuracy": 0.08333333333333333, "macro avg": {"precision": 0.08204334365325078, "recall": 0.08333333333333333, "f1-score": 0.08262548262548262, "support": 36.0}, "weighted avg": {"precision": 0.08204334365325078, "recall": 0.08333333333333333, "f1-score": 0.08262548262548262, "support": 36.0}, "auroc": 0.03, "auprc": 0.33}