{"NoAvocado": {"precision": 0.4444444444444444, "recall": 0.23529411764705882, "f1-score": 0.3076923076923077, "support": 17.0}, "Avocado": {"precision": 0.6285714285714286, "recall": 0.8148148148148148, "f1-score": 0.7096774193548387, "support": 27.0}, "accuracy": 0.5909090909090909, "macro avg": {"precision": 0.5365079365079365, "recall": 0.5250544662309368, "f1-score": 0.5086848635235732, "support": 44.0}, "weighted avg": {"precision": 0.5574314574314574, "recall": 0.5909090909090909, "f1-score": 0.5543649898488608, "support": 44.0}, "auroc": 0.61, "auprc": 0.75}