{"NoOats": {"precision": 0.0, "recall": 0.0, "f1-score": 0.0, "support": 14.0}, "Oats": {"precision": 0.3333333333333333, "recall": 0.4666666666666667, "f1-score": 0.3888888888888889, "support": 15.0}, "accuracy": 0.2413793103448276, "macro avg": {"precision": 0.16666666666666666, "recall": 0.23333333333333334, "f1-score": 0.19444444444444445, "support": 29.0}, "weighted avg": {"precision": 0.1724137931034483, "recall": 0.2413793103448276, "f1-score": 0.2011494252873563, "support": 29.0}, "auroc": 0.0, "auprc": 0.35}