{"NoAlmond": {"precision": 0.4, "recall": 0.42857142857142855, "f1-score": 0.41379310344827586, "support": 14.0}, "Almond": {"precision": 0.38461538461538464, "recall": 0.35714285714285715, "f1-score": 0.37037037037037035, "support": 14.0}, "accuracy": 0.39285714285714285, "macro avg": {"precision": 0.39230769230769236, "recall": 0.39285714285714285, "f1-score": 0.39208173690932313, "support": 28.0}, "weighted avg": {"precision": 0.3923076923076923, "recall": 0.39285714285714285, "f1-score": 0.39208173690932313, "support": 28.0}, "auroc": 0.32, "auprc": 0.41}