{"NoOats": {"precision": 0.36363636363636365, "recall": 0.2857142857142857, "f1-score": 0.32, "support": 14.0}, "Oats": {"precision": 0.4444444444444444, "recall": 0.5333333333333333, "f1-score": 0.48484848484848486, "support": 15.0}, "accuracy": 0.41379310344827586, "macro avg": {"precision": 0.40404040404040403, "recall": 0.4095238095238095, "f1-score": 0.40242424242424246, "support": 29.0}, "weighted avg": {"precision": 0.4054336468129572, "recall": 0.41379310344827586, "f1-score": 0.4052664576802508, "support": 29.0}, "auroc": 0.39, "auprc": 0.55}