{"NoAvocado": {"precision": 0.0, "recall": 0.0, "f1-score": 0.0, "support": 17.0}, "Avocado": {"precision": 0.6136363636363636, "recall": 1.0, "f1-score": 0.7605633802816901, "support": 27.0}, "accuracy": 0.6136363636363636, "macro avg": {"precision": 0.3068181818181818, "recall": 0.5, "f1-score": 0.38028169014084506, "support": 44.0}, "weighted avg": {"precision": 0.37654958677685957, "recall": 0.6136363636363636, "f1-score": 0.4667093469910371, "support": 44.0}, "auroc": 0.0, "auprc": 0.43}