{"NoOats": {"precision": 0.0, "recall": 0.0, "f1-score": 0.0, "support": 14.0}, "Oats": {"precision": 0.44, "recall": 0.7333333333333333, "f1-score": 0.55, "support": 15.0}, "accuracy": 0.3793103448275862, "macro avg": {"precision": 0.22, "recall": 0.36666666666666664, "f1-score": 0.275, "support": 29.0}, "weighted avg": {"precision": 0.2275862068965517, "recall": 0.3793103448275862, "f1-score": 0.28448275862068967, "support": 29.0}, "auroc": 0.0, "auprc": 0.35}