{"NoBarley": {"precision": 0.6923076923076923, "recall": 0.6428571428571429, "f1-score": 0.6666666666666666, "support": 14.0}, "Barley": {"precision": 0.6666666666666666, "recall": 0.7142857142857143, "f1-score": 0.6896551724137931, "support": 14.0}, "accuracy": 0.6785714285714286, "macro avg": {"precision": 0.6794871794871795, "recall": 0.6785714285714286, "f1-score": 0.6781609195402298, "support": 28.0}, "weighted avg": {"precision": 0.6794871794871794, "recall": 0.6785714285714286, "f1-score": 0.6781609195402298, "support": 28.0}, "auroc": 0.59, "auprc": 0.58}