{"NoWalnut": {"precision": 0.7, "recall": 0.7777777777777778, "f1-score": 0.7368421052631579, "support": 18.0}, "Walnut": {"precision": 0.75, "recall": 0.6666666666666666, "f1-score": 0.7058823529411765, "support": 18.0}, "accuracy": 0.7222222222222222, "macro avg": {"precision": 0.725, "recall": 0.7222222222222222, "f1-score": 0.7213622291021672, "support": 36.0}, "weighted avg": {"precision": 0.7250000000000001, "recall": 0.7222222222222222, "f1-score": 0.7213622291021671, "support": 36.0}, "auroc": 0.77, "auprc": 0.75}