{"NoBarley": {"precision": 0.23529411764705882, "recall": 0.2857142857142857, "f1-score": 0.25806451612903225, "support": 14.0}, "Barley": {"precision": 0.09090909090909091, "recall": 0.07142857142857142, "f1-score": 0.08, "support": 14.0}, "accuracy": 0.17857142857142858, "macro avg": {"precision": 0.16310160427807485, "recall": 0.17857142857142855, "f1-score": 0.16903225806451613, "support": 28.0}, "weighted avg": {"precision": 0.16310160427807485, "recall": 0.17857142857142858, "f1-score": 0.1690322580645161, "support": 28.0}, "auroc": 0.04, "auprc": 0.33}