{"NoAlmond": {"precision": 0.5, "recall": 0.42857142857142855, "f1-score": 0.46153846153846156, "support": 14.0}, "Almond": {"precision": 0.5, "recall": 0.5714285714285714, "f1-score": 0.5333333333333333, "support": 14.0}, "accuracy": 0.5, "macro avg": {"precision": 0.5, "recall": 0.5, "f1-score": 0.49743589743589745, "support": 28.0}, "weighted avg": {"precision": 0.5, "recall": 0.5, "f1-score": 0.49743589743589745, "support": 28.0}, "auroc": 0.43, "auprc": 0.46}