{"NoOats": {"precision": 0.0, "recall": 0.0, "f1-score": 0.0, "support": 14.0}, "Oats": {"precision": 0.06666666666666667, "recall": 0.06666666666666667, "f1-score": 0.06666666666666667, "support": 15.0}, "accuracy": 0.034482758620689655, "macro avg": {"precision": 0.03333333333333333, "recall": 0.03333333333333333, "f1-score": 0.03333333333333333, "support": 29.0}, "weighted avg": {"precision": 0.034482758620689655, "recall": 0.034482758620689655, "f1-score": 0.034482758620689655, "support": 29.0}, "auroc": 0.0, "auprc": 0.37}