{"NoAvocado": {"precision": 0.4, "recall": 0.23529411764705882, "f1-score": 0.2962962962962963, "support": 17.0}, "Avocado": {"precision": 0.6176470588235294, "recall": 0.7777777777777778, "f1-score": 0.6885245901639344, "support": 27.0}, "accuracy": 0.5681818181818182, "macro avg": {"precision": 0.5088235294117647, "recall": 0.5065359477124183, "f1-score": 0.49241044323011535, "support": 44.0}, "weighted avg": {"precision": 0.5335561497326203, "recall": 0.5681818181818182, "f1-score": 0.5369818402605288, "support": 44.0}, "auroc": 0.54, "auprc": 0.68}