{"NoOats": {"precision": 0.0, "recall": 0.0, "f1-score": 0.0, "support": 14.0}, "Oats": {"precision": 0.46153846153846156, "recall": 0.8, "f1-score": 0.5853658536585366, "support": 15.0}, "accuracy": 0.41379310344827586, "macro avg": {"precision": 0.23076923076923078, "recall": 0.4, "f1-score": 0.2926829268292683, "support": 29.0}, "weighted avg": {"precision": 0.2387267904509284, "recall": 0.41379310344827586, "f1-score": 0.3027754415475189, "support": 29.0}, "auroc": 0.0, "auprc": 0.35}