{"NoBroccoli": {"precision": 0.6428571428571429, "recall": 0.6, "f1-score": 0.6206896551724138, "support": 15.0}, "Broccoli": {"precision": 0.625, "recall": 0.6666666666666666, "f1-score": 0.6451612903225806, "support": 15.0}, "accuracy": 0.6333333333333333, "macro avg": {"precision": 0.6339285714285714, "recall": 0.6333333333333333, "f1-score": 0.6329254727474972, "support": 30.0}, "weighted avg": {"precision": 0.6339285714285715, "recall": 0.6333333333333333, "f1-score": 0.6329254727474972, "support": 30.0}, "auroc": 0.62, "auprc": 0.66}