{"NoWalnut": {"precision": 0.23809523809523808, "recall": 0.2777777777777778, "f1-score": 0.2564102564102564, "support": 18.0}, "Walnut": {"precision": 0.13333333333333333, "recall": 0.1111111111111111, "f1-score": 0.12121212121212122, "support": 18.0}, "accuracy": 0.19444444444444445, "macro avg": {"precision": 0.18571428571428572, "recall": 0.19444444444444445, "f1-score": 0.1888111888111888, "support": 36.0}, "weighted avg": {"precision": 0.1857142857142857, "recall": 0.19444444444444445, "f1-score": 0.1888111888111888, "support": 36.0}, "auroc": 0.06, "auprc": 0.33}