{"NoAvocado": {"precision": 0.5, "recall": 0.23529411764705882, "f1-score": 0.32, "support": 17.0}, "Avocado": {"precision": 0.6388888888888888, "recall": 0.8518518518518519, "f1-score": 0.7301587301587301, "support": 27.0}, "accuracy": 0.6136363636363636, "macro avg": {"precision": 0.5694444444444444, "recall": 0.5435729847494554, "f1-score": 0.525079365079365, "support": 44.0}, "weighted avg": {"precision": 0.5852272727272727, "recall": 0.6136363636363636, "f1-score": 0.5716883116883117, "support": 44.0}, "auroc": 0.65, "auprc": 0.76}