{"NoAvocado": {"precision": 0.8333333333333334, "recall": 0.29411764705882354, "f1-score": 0.43478260869565216, "support": 17.0}, "Avocado": {"precision": 0.6842105263157895, "recall": 0.9629629629629629, "f1-score": 0.8, "support": 27.0}, "accuracy": 0.7045454545454546, "macro avg": {"precision": 0.7587719298245614, "recall": 0.6285403050108932, "f1-score": 0.6173913043478261, "support": 44.0}, "weighted avg": {"precision": 0.7418261562998406, "recall": 0.7045454545454546, "f1-score": 0.658893280632411, "support": 44.0}, "auroc": 0.67, "auprc": 0.71}