{"NoOats": {"precision": 0.2727272727272727, "recall": 0.21428571428571427, "f1-score": 0.24, "support": 14.0}, "Oats": {"precision": 0.3888888888888889, "recall": 0.4666666666666667, "f1-score": 0.42424242424242425, "support": 15.0}, "accuracy": 0.3448275862068966, "macro avg": {"precision": 0.3308080808080808, "recall": 0.3404761904761905, "f1-score": 0.33212121212121215, "support": 29.0}, "weighted avg": {"precision": 0.33281086729362586, "recall": 0.3448275862068966, "f1-score": 0.3352978056426333, "support": 29.0}, "auroc": 0.28, "auprc": 0.43}