{"NoBroccoli": {"precision": 0.17647058823529413, "recall": 0.2, "f1-score": 0.1875, "support": 15.0}, "Broccoli": {"precision": 0.07692307692307693, "recall": 0.06666666666666667, "f1-score": 0.07142857142857142, "support": 15.0}, "accuracy": 0.13333333333333333, "macro avg": {"precision": 0.12669683257918551, "recall": 0.13333333333333333, "f1-score": 0.1294642857142857, "support": 30.0}, "weighted avg": {"precision": 0.12669683257918554, "recall": 0.13333333333333333, "f1-score": 0.1294642857142857, "support": 30.0}, "auroc": 0.06, "auprc": 0.34}