{"NoAlmond": {"precision": 0.15384615384615385, "recall": 0.14285714285714285, "f1-score": 0.14814814814814814, "support": 14.0}, "Almond": {"precision": 0.2, "recall": 0.21428571428571427, "f1-score": 0.20689655172413793, "support": 14.0}, "accuracy": 0.17857142857142858, "macro avg": {"precision": 0.17692307692307693, "recall": 0.17857142857142855, "f1-score": 0.17752234993614302, "support": 28.0}, "weighted avg": {"precision": 0.17692307692307693, "recall": 0.17857142857142858, "f1-score": 0.17752234993614305, "support": 28.0}, "auroc": 0.06, "auprc": 0.34}