{"NoBarley": {"precision": 0.3076923076923077, "recall": 0.2857142857142857, "f1-score": 0.2962962962962963, "support": 14.0}, "Barley": {"precision": 0.3333333333333333, "recall": 0.35714285714285715, "f1-score": 0.3448275862068966, "support": 14.0}, "accuracy": 0.32142857142857145, "macro avg": {"precision": 0.3205128205128205, "recall": 0.3214285714285714, "f1-score": 0.3205619412515964, "support": 28.0}, "weighted avg": {"precision": 0.32051282051282054, "recall": 0.32142857142857145, "f1-score": 0.3205619412515964, "support": 28.0}, "auroc": 0.4, "auprc": 0.52}