{"NoAlmond": {"precision": 0.0, "recall": 0.0, "f1-score": 0.0, "support": 14.0}, "Almond": {"precision": 0.06666666666666667, "recall": 0.07142857142857142, "f1-score": 0.06896551724137931, "support": 14.0}, "accuracy": 0.03571428571428571, "macro avg": {"precision": 0.03333333333333333, "recall": 0.03571428571428571, "f1-score": 0.034482758620689655, "support": 28.0}, "weighted avg": {"precision": 0.03333333333333333, "recall": 0.03571428571428571, "f1-score": 0.034482758620689655, "support": 28.0}, "auroc": 0.0, "auprc": 0.32}