{"NoBroccoli": {"precision": 0.7692307692307693, "recall": 0.6666666666666666, "f1-score": 0.7142857142857143, "support": 15.0}, "Broccoli": {"precision": 0.7058823529411765, "recall": 0.8, "f1-score": 0.75, "support": 15.0}, "accuracy": 0.7333333333333333, "macro avg": {"precision": 0.7375565610859729, "recall": 0.7333333333333334, "f1-score": 0.7321428571428572, "support": 30.0}, "weighted avg": {"precision": 0.7375565610859728, "recall": 0.7333333333333333, "f1-score": 0.7321428571428572, "support": 30.0}, "auroc": 0.75, "auprc": 0.73}