{"NoWalnut": {"precision": 0.0, "recall": 0.0, "f1-score": 0.0, "support": 18.0}, "Walnut": {"precision": 0.1, "recall": 0.1111111111111111, "f1-score": 0.10526315789473684, "support": 18.0}, "accuracy": 0.05555555555555555, "macro avg": {"precision": 0.05, "recall": 0.05555555555555555, "f1-score": 0.05263157894736842, "support": 36.0}, "weighted avg": {"precision": 0.05, "recall": 0.05555555555555555, "f1-score": 0.05263157894736842, "support": 36.0}, "auroc": 0.04, "auprc": 0.33}