{"NoBroccoli": {"precision": 0.46153846153846156, "recall": 0.4, "f1-score": 0.42857142857142855, "support": 15.0}, "Broccoli": {"precision": 0.47058823529411764, "recall": 0.5333333333333333, "f1-score": 0.5, "support": 15.0}, "accuracy": 0.4666666666666667, "macro avg": {"precision": 0.4660633484162896, "recall": 0.4666666666666667, "f1-score": 0.4642857142857143, "support": 30.0}, "weighted avg": {"precision": 0.4660633484162896, "recall": 0.4666666666666667, "f1-score": 0.46428571428571425, "support": 30.0}, "auroc": 0.49, "auprc": 0.54}