{"NoAlmond": {"precision": 0.07142857142857142, "recall": 0.07142857142857142, "f1-score": 0.07142857142857142, "support": 14.0}, "Almond": {"precision": 0.07142857142857142, "recall": 0.07142857142857142, "f1-score": 0.07142857142857142, "support": 14.0}, "accuracy": 0.07142857142857142, "macro avg": {"precision": 0.07142857142857142, "recall": 0.07142857142857142, "f1-score": 0.07142857142857142, "support": 28.0}, "weighted avg": {"precision": 0.07142857142857142, "recall": 0.07142857142857142, "f1-score": 0.07142857142857142, "support": 28.0}, "auroc": 0.02, "auprc": 0.33}