{"NoBarley": {"precision": 0.5384615384615384, "recall": 0.5, "f1-score": 0.5185185185185185, "support": 14.0}, "Barley": {"precision": 0.5333333333333333, "recall": 0.5714285714285714, "f1-score": 0.5517241379310345, "support": 14.0}, "accuracy": 0.5357142857142857, "macro avg": {"precision": 0.5358974358974359, "recall": 0.5357142857142857, "f1-score": 0.5351213282247764, "support": 28.0}, "weighted avg": {"precision": 0.5358974358974359, "recall": 0.5357142857142857, "f1-score": 0.5351213282247764, "support": 28.0}, "auroc": 0.58, "auprc": 0.58}