{"NoWalnut": {"precision": 0.15, "recall": 0.16666666666666666, "f1-score": 0.15789473684210525, "support": 18.0}, "Walnut": {"precision": 0.0625, "recall": 0.05555555555555555, "f1-score": 0.058823529411764705, "support": 18.0}, "accuracy": 0.1111111111111111, "macro avg": {"precision": 0.10625, "recall": 0.1111111111111111, "f1-score": 0.10835913312693499, "support": 36.0}, "weighted avg": {"precision": 0.10625, "recall": 0.1111111111111111, "f1-score": 0.10835913312693497, "support": 36.0}, "auroc": 0.03, "auprc": 0.33}