{"NoOats": {"precision": 0.5, "recall": 0.42857142857142855, "f1-score": 0.46153846153846156, "support": 14.0}, "Oats": {"precision": 0.5294117647058824, "recall": 0.6, "f1-score": 0.5625, "support": 15.0}, "accuracy": 0.5172413793103449, "macro avg": {"precision": 0.5147058823529411, "recall": 0.5142857142857142, "f1-score": 0.5120192307692308, "support": 29.0}, "weighted avg": {"precision": 0.5152129817444219, "recall": 0.5172413793103449, "f1-score": 0.5137599469496021, "support": 29.0}, "auroc": 0.54, "auprc": 0.64}