{"NoBroccoli": {"precision": 0.6470588235294118, "recall": 0.7333333333333333, "f1-score": 0.6875, "support": 15.0}, "Broccoli": {"precision": 0.6923076923076923, "recall": 0.6, "f1-score": 0.6428571428571429, "support": 15.0}, "accuracy": 0.6666666666666666, "macro avg": {"precision": 0.6696832579185521, "recall": 0.6666666666666666, "f1-score": 0.6651785714285714, "support": 30.0}, "weighted avg": {"precision": 0.669683257918552, "recall": 0.6666666666666666, "f1-score": 0.6651785714285715, "support": 30.0}, "auroc": 0.59, "auprc": 0.62}