{"NoWalnut": {"precision": 0.8421052631578947, "recall": 0.8888888888888888, "f1-score": 0.8648648648648649, "support": 18.0}, "Walnut": {"precision": 0.8823529411764706, "recall": 0.8333333333333334, "f1-score": 0.8571428571428571, "support": 18.0}, "accuracy": 0.8611111111111112, "macro avg": {"precision": 0.8622291021671826, "recall": 0.8611111111111112, "f1-score": 0.8610038610038611, "support": 36.0}, "weighted avg": {"precision": 0.8622291021671826, "recall": 0.8611111111111112, "f1-score": 0.861003861003861, "support": 36.0}, "auroc": 0.96, "auprc": 0.96}