{"NoBarley": {"precision": 0.36363636363636365, "recall": 0.2857142857142857, "f1-score": 0.32, "support": 14.0}, "Barley": {"precision": 0.4117647058823529, "recall": 0.5, "f1-score": 0.45161290322580644, "support": 14.0}, "accuracy": 0.39285714285714285, "macro avg": {"precision": 0.3877005347593583, "recall": 0.39285714285714285, "f1-score": 0.3858064516129032, "support": 28.0}, "weighted avg": {"precision": 0.3877005347593583, "recall": 0.39285714285714285, "f1-score": 0.3858064516129032, "support": 28.0}, "auroc": 0.28, "auprc": 0.4}