{"NoOats": {"precision": 0.0, "recall": 0.0, "f1-score": 0.0, "support": 14.0}, "Oats": {"precision": 0.36363636363636365, "recall": 0.5333333333333333, "f1-score": 0.43243243243243246, "support": 15.0}, "accuracy": 0.27586206896551724, "macro avg": {"precision": 0.18181818181818182, "recall": 0.26666666666666666, "f1-score": 0.21621621621621623, "support": 29.0}, "weighted avg": {"precision": 0.18808777429467086, "recall": 0.27586206896551724, "f1-score": 0.22367194780987887, "support": 29.0}, "auroc": 0.0, "auprc": 0.34}